recordIdentifier,title,date,senders,receivers,mentioned,genre
DE-611-HS-3529262,"Brief von Wolfgang Pauli von Eidgenössische Technische Hochschule Zürich. Departement Physik an Werner Heisenberg, 18.01.1933",1933-01-18,"Pauli, Wolfgang (1900-1958) /Eidgenössische Technische Hochschule Zürich. Departement Physik","Heisenberg, Werner (1901-1976)","Von Neumann, John (1903-1957)/ Klein, Oskar (1894-1977)/ Jordan, Pascual (1902-1980)/ Wigner, Eugene Paul (1902-1995)/ Landau, Lev Davidovič (1908-1968)",Brief
DE-611-HS-3529336,"Brief von Wolfgang Pauli von Eidgenössische Technische Hochschule Zürich. Departement Physik an Werner Heisenberg, 02.06.1933",1933-06-02,"Pauli, Wolfgang (1900-1958) /Eidgenössische Technische Hochschule Zürich. Departement Physik","Heisenberg, Werner (1901-1976)","Dirac, P. A. M. (1902-1984)/ Fok, Vladimir A. (1898-1974)/ Podolsky, Boris",Brief
DE-611-HS-3529464,"Brief von Wolfgang Pauli von Eidgenössische Technische Hochschule Zürich. Departement Physik an Werner Heisenberg, 14.07.1933",1933-07-14,"Pauli, Wolfgang (1900-1958) /Eidgenössische Technische Hochschule Zürich. Departement Physik","Heisenberg, Werner (1901-1976)","Wigner, Eugene Paul (1902-1995)/ Anderson, Carl David (1905-1991) [vermutlich]/ Elsasser, Walter Maurice (1904-1991)/ Bacher, Robert Fox (1905-2004)/ Rabi, Isidor I. (1898-1988)/ Stern, Otto (1888-1969)/ Delbrück, Max (1906-1981)/ Peierls, Rudolf Ernst (1907-1995)/ Gray, Louis H. (1875-1955)",Brief
DE-611-HS-3529642,"Brief von Wolfgang Pauli von Eidgenössische Technische Hochschule Zürich. Departement Physik an Werner Heisenberg, 19.07.1933",1933-07-19,"Pauli, Wolfgang (1900-1958) /Eidgenössische Technische Hochschule Zürich. Departement Physik","Heisenberg, Werner (1901-1976)","Fok, Vladimir A. (1898-1974)/ Podolsky, Boris",Brief
DE-611-HS-3529694,"Brief von Wolfgang Pauli von Eidgenössische Technische Hochschule Zürich. Departement Physik an Werner Heisenberg, 22.07.1933",1933-07-22,"Pauli, Wolfgang (1900-1958) /Eidgenössische Technische Hochschule Zürich. Departement Physik","Heisenberg, Werner (1901-1976)",,Brief
DE-611-HS-3529832,"Brief von Wolfgang Pauli von Eidgenössische Technische Hochschule Zürich. Departement Physik an Werner Heisenberg, 29.09.1933",1933-09-29,"Pauli, Wolfgang (1900-1958) /Eidgenössische Technische Hochschule Zürich. Departement Physik","Heisenberg, Werner (1901-1976)","Oppenheimer, J. Robert (1904-1967)/ Plesset, Milton S. (1908-1991)",Brief
DE-611-HS-3529924,"Brief von Wolfgang Pauli von Eidgenössische Technische Hochschule Zürich. Departement Physik an Werner Heisenberg, 30.09.1933",1933-09-30,"Pauli, Wolfgang (1900-1958) /Eidgenössische Technische Hochschule Zürich. Departement Physik","Heisenberg, Werner (1901-1976)","Thibaud, Jean (1901-1960)/ Dirac, P. A. M. (1902-1984)",Brief
DE-611-HS-3530008,"Brief von Wolfgang Pauli von Eidgenössische Technische Hochschule Zürich. Departement Physik an Werner Heisenberg, 08.11.1933",1933-11-08,"Pauli, Wolfgang (1900-1958) /Eidgenössische Technische Hochschule Zürich. Departement Physik","Heisenberg, Werner (1901-1976)",,Brief
DE-611-HS-3530037,"Brief von Wolfgang Pauli von Eidgenössische Technische Hochschule Zürich. Departement Physik an Werner Heisenberg, 09.11.1933",1933-11-09,"Pauli, Wolfgang (1900-1958) /Eidgenössische Technische Hochschule Zürich. Departement Physik","Heisenberg, Werner (1901-1976)",,Brief
DE-611-HS-3530477,"Brief von Wolfgang Pauli von Eidgenössische Technische Hochschule Zürich. Departement Physik an Werner Heisenberg, 14.11.1933",1933-11-14,"Pauli, Wolfgang (1900-1958) /Eidgenössische Technische Hochschule Zürich. Departement Physik","Heisenberg, Werner (1901-1976)","Kirchner, Fritz (1896-1967) [vermutlich]",Brief
DE-611-HS-3530479,"Brief von Wolfgang Pauli von Eidgenössische Technische Hochschule Zürich. Departement Physik an Werner Heisenberg, 11.12.1933",1933-12-11,"Pauli, Wolfgang (1900-1958) /Eidgenössische Technische Hochschule Zürich. Departement Physik","Heisenberg, Werner (1901-1976)",,Brief
DE-611-HS-3530570,"Brief von Wolfgang Pauli von Eidgenössische Technische Hochschule Zürich. Departement Physik an Werner Heisenberg, 21.01.1934",1934-01-21,"Pauli, Wolfgang (1900-1958) /Eidgenössische Technische Hochschule Zürich. Departement Physik","Heisenberg, Werner (1901-1976)","Wentzel, Gregor",Brief
DE-611-HS-3530897,"Brief von Wolfgang Pauli von Eidgenössische Technische Hochschule Zürich. Departement Physik an Werner Heisenberg, 30.01.1934",1934-01-30,"Pauli, Wolfgang (1900-1958) /Eidgenössische Technische Hochschule Zürich. Departement Physik","Heisenberg, Werner (1901-1976)","Waller, Ivar (1898-1991)",Brief
DE-611-HS-3530930,"Brief von Wolfgang Pauli von Eidgenössische Technische Hochschule Zürich. Departement Physik an Werner Heisenberg, 06.02.1934",1934-02-06,"Pauli, Wolfgang (1900-1958) /Eidgenössische Technische Hochschule Zürich. Departement Physik","Heisenberg, Werner (1901-1976)",,Brief
DE-611-HS-3531012,"Brief von Wolfgang Pauli von Eidgenössische Technische Hochschule Zürich. Departement Physik an Werner Heisenberg, 10.02.1934",1934-02-10,"Pauli, Wolfgang (1900-1958) /Eidgenössische Technische Hochschule Zürich. Departement Physik","Heisenberg, Werner (1901-1976)",,Brief
DE-611-HS-3531327,"Brief von Wolfgang Pauli von Eidgenössische Technische Hochschule Zürich. Departement Physik an Werner Heisenberg, 13.02.1934",1934-02-13,"Pauli, Wolfgang (1900-1958) /Eidgenössische Technische Hochschule Zürich. Departement Physik","Heisenberg, Werner (1901-1976)","Rosenfeld, Léon (1904-1974)",Brief
DE-611-HS-3531348,"Brief von Wolfgang Pauli von Eidgenössische Technische Hochschule Zürich. Departement Physik an Werner Heisenberg, 17.02.1934",1934-02-17,"Pauli, Wolfgang (1900-1958) /Eidgenössische Technische Hochschule Zürich. Departement Physik","Heisenberg, Werner (1901-1976)",,Brief
DE-611-HS-3531377,"Brief von Wolfgang Pauli von Eidgenössische Technische Hochschule Zürich. Departement Physik an Werner Heisenberg, 17.04.1934",1934-04-17,"Pauli, Wolfgang (1900-1958) /Eidgenössische Technische Hochschule Zürich. Departement Physik","Heisenberg, Werner (1901-1976)",,Brief
DE-611-HS-3531399,"Brief von Wolfgang Pauli von Eidgenössische Technische Hochschule Zürich. Departement Physik an Werner Heisenberg, 14.06.1934",1934-06-14,"Pauli, Wolfgang (1900-1958) /Eidgenössische Technische Hochschule Zürich. Departement Physik","Heisenberg, Werner (1901-1976)",,Brief
DE-611-HS-3532131,"Brief von Wolfgang Pauli von Eidgenössische Technische Hochschule Zürich. Departement Physik an Werner Heisenberg, 16.07.1934",1934-07-16,"Pauli, Wolfgang (1900-1958) /Eidgenössische Technische Hochschule Zürich. Departement Physik","Heisenberg, Werner (1901-1976)",,Brief
DE-611-HS-3532134,"Brief von Wolfgang Pauli von Eidgenössische Technische Hochschule Zürich. Departement Physik an Werner Heisenberg, 25.07.1934",1934-07-25,"Pauli, Wolfgang (1900-1958) /Eidgenössische Technische Hochschule Zürich. Departement Physik","Heisenberg, Werner (1901-1976)",,Brief
DE-611-HS-3532561,"Brief von Wolfgang Pauli von Eidgenössische Technische Hochschule Zürich. Departement Physik an Werner Heisenberg an Universität Leipzig. Fachbereich Physik, 13.10.1934",1934-10-13,"Pauli, Wolfgang (1900-1958) /Eidgenössische Technische Hochschule Zürich. Departement Physik","Heisenberg, Werner (1901-1976)/ Universität Leipzig. Fachbereich Physik",,Brief
DE-611-HS-3532826,"Brief von Wolfgang Pauli von Eidgenössische Technische Hochschule Zürich. Departement Physik an Werner Heisenberg, 24.10.1934",1934-10-24,"Pauli, Wolfgang (1900-1958) /Eidgenössische Technische Hochschule Zürich. Departement Physik","Heisenberg, Werner (1901-1976)",,Brief
DE-611-HS-3533137,"Brief von Wolfgang Pauli von Eidgenössische Technische Hochschule Zürich. Departement Physik an Werner Heisenberg, 01.11.1934",1934-11-01,"Pauli, Wolfgang (1900-1958) /Eidgenössische Technische Hochschule Zürich. Departement Physik","Heisenberg, Werner (1901-1976)","Broglie, Louis de (1892-1987)",Brief
DE-611-HS-3533287,"Brief von Wolfgang Pauli von Eidgenössische Technische Hochschule Zürich. Departement Physik an Werner Heisenberg, 07.11.1934",1934-11-07,"Pauli, Wolfgang (1900-1958) /Eidgenössische Technische Hochschule Zürich. Departement Physik","Heisenberg, Werner (1901-1976)","Landé, Alfred (1888-1976)/ Stern, Otto (1888-1969)",Brief
DE-611-HS-3533416,"Brief von Wolfgang Pauli von Eidgenössische Technische Hochschule Zürich. Departement Physik an Werner Heisenberg, 30.11.1934",1934-11-30,"Pauli, Wolfgang (1900-1958) /Eidgenössische Technische Hochschule Zürich. Departement Physik","Heisenberg, Werner (1901-1976)","Klein, Oskar (1894-1977)/ Jordan, Pascual (1902-1980)",Brief
DE-611-HS-3533645,"Brief von Wolfgang Pauli von Eidgenössische Technische Hochschule Zürich. Departement Physik an Werner Heisenberg, 03.12.1934",1934-12-03,"Pauli, Wolfgang (1900-1958) /Eidgenössische Technische Hochschule Zürich. Departement Physik","Heisenberg, Werner (1901-1976)",,Brief
DE-611-HS-3533681,"Brief von Wolfgang Pauli von Eidgenössische Technische Hochschule Zürich. Departement Physik an Werner Heisenberg, 16.12.1934",1934-12-16,"Pauli, Wolfgang (1900-1958) /Eidgenössische Technische Hochschule Zürich. Departement Physik","Heisenberg, Werner (1901-1976)",,Brief
DE-611-HS-3533949,"Brief von Wolfgang Pauli von Eidgenössische Technische Hochschule Zürich. Departement Physik an Werner Heisenberg, 09.02.1935",1935-02-09,"Pauli, Wolfgang (1900-1958) /Eidgenössische Technische Hochschule Zürich. Departement Physik","Heisenberg, Werner (1901-1976)","Weisskopf, Victor Frederick (1908-2002)/ Oppenheimer, J. Robert (1904-1967)",Brief
DE-611-HS-3533952,"Brief von Wolfgang Pauli von Eidgenössische Technische Hochschule Zürich. Departement Physik an Werner Heisenberg, 15.06.1935",1935-06-15,"Pauli, Wolfgang (1900-1958) /Eidgenössische Technische Hochschule Zürich. Departement Physik","Heisenberg, Werner (1901-1976)","Weisskopf, Victor Frederick (1908-2002)/ Delbrück, Max (1906-1981)/ Fermi, Enrico (1901-1954)",Brief
DE-611-HS-3525627,"Brief von Max Planck an Werner Heisenberg, 26.04.1933",1933-04-26,"Planck, Max (1858-1947)","Heisenberg, Werner (1901-1976)",,Brief
DE-611-HS-3525688,"Brief von Max Planck an Werner Heisenberg, 18.06.1933",1933-06-18,"Planck, Max (1858-1947)","Heisenberg, Werner (1901-1976)",,Brief
DE-611-HS-3525787,"Brief von Max Planck an Werner Heisenberg, 15.11.1933",1933-11-15,"Planck, Max (1858-1947)","Heisenberg, Werner (1901-1976)",,Brief
DE-611-HS-3525806,"Brief von Max Planck von Preußische Akademie der Wissenschaften an Werner Heisenberg, 23.07.1934",1934-07-23,"Planck, Max (1858-1947) /Preußische Akademie der Wissenschaften (1918-1946)","Heisenberg, Werner (1901-1976)",,Brief
DE-611-HS-3525822,"Brief von Max Planck an Werner Heisenberg, 08.11.1933",1933-11-08,"Planck, Max (1858-1947)","Heisenberg, Werner (1901-1976)",,Brief
DE-611-HS-4059508,"Brief von Werner Heisenberg an Lorenz Meierott, 19.10.1920",1920-10-19,"Heisenberg, Werner (1901-1976)","Meierott, Lorenz",,Brief
DE-611-HS-4058593,"Brief von Martin Teucher an Unbekannt, 23.01.1921",1921-01-23,"Teucher, Martin (1921-1978)",Unbekannt,,Brief
DE-611-HS-3881387,Gratulationsschreiben zur Verleihung des Nobelpreises (Ansetzungssachtitel von Bearbeiter/in),1933,Unbekannt,"Heisenberg, Werner (1901-1976)",,Brief
DE-611-HS-3587212,"Brief von Rolf van Leyden an Werner Heisenberg, 18.09.1931",1931-09-18,"Leyden, Rolf van","Heisenberg, Werner (1901-1976)",,Brief
DE-611-HS-3688730,"Brief von Unbekannt an Werner Heisenberg, 01.10.1923",1923-10-01,Unbekannt,"Heisenberg, Werner (1901-1976)",,Brief
DE-611-HS-3691732,"Brief von Max Born an Werner Heisenberg, 04.04.1934",1934-04-04,"Born, Max (1882-1970)","Heisenberg, Werner (1901-1976)","Heitler, Walter (1904-1981)",Brief
DE-611-HS-3691750,"Brief von Max Born an Werner Heisenberg, 04.07.1933",1933-07-04,"Born, Max (1882-1970)","Heisenberg, Werner (1901-1976)","Pauli, Wolfgang (1900-1958)/ Blackett, Patrick M. S. (1897-1974) [vermutlich]",Brief
DE-611-HS-3691767,"Brief von Max Born an Werner Heisenberg, 11.06.1933",1933-06-11,"Born, Max (1882-1970)","Heisenberg, Werner (1901-1976)","Planck, Max (1858-1947)/ Schrödinger, Erwin (1887-1961)/ Franck, James (1882-1964)",Brief
DE-611-HS-3692470,"Brief von Hendrik Brugt Gerhard Casimir an Werner Heisenberg, 23.10.1933",1933-10-23,"Casimir, Hendrik Brugt Gerhard (1909-2000) [vermutlich]","Heisenberg, Werner (1901-1976)",,Brief
DE-611-HS-3692566,"Brief von Richard Courant an Werner Heisenberg, 29.04.1934",1934-04-29,"Courant, Richard (1888-1972)","Heisenberg, Werner (1901-1976)",,Brief
DE-611-HS-3692591,"Brief von Richard Courant an Werner Heisenberg, 26.12.1933",1933-12-26,"Courant, Richard (1888-1972)","Heisenberg, Werner (1901-1976)","Neugebauer, Otto (1899-1990)/ Born, Max (1882-1970)",Brief
DE-611-HS-3693035,"Brief von P. A. M. Dirac an Wolfgang Pauli, 11.11.1933",1933-11-11,"Dirac, P. A. M. (1902-1984)","Pauli, Wolfgang (1900-1958)",,Brief
DE-611-HS-3693047,"Brief von P. A. M. Dirac an Wolfgang Pauli, 07.12.1933",1933-12-07,"Dirac, P. A. M. (1902-1984)","Pauli, Wolfgang (1900-1958)","Heisenberg, Werner (1901-1976)",Brief
DE-611-HS-3695149,"Brief von Arnold Eucken an Werner Heisenberg, 05.07.1933",1933-07-05,"Eucken, Arnold (1884-1950)","Heisenberg, Werner (1901-1976)","Weyl, Hermann (1885-1955)",Brief
DE-611-HS-3695601,"Brief von Reinhold Fürth an Werner Heisenberg, 05.10.1933",1933-10-05,"Fürth, Reinhold (1893-1979)","Heisenberg, Werner (1901-1976)","Bohr, Niels (1885-1962)",Brief
DE-611-HS-3695723,"Brief von Hans Geiger von Eberhard Karls Universität Tübingen. Physikalisches Institut an Werner Heisenberg, 13.06.1934",1934-06-13,"Geiger, Hans (1882-1945) /Eberhard Karls Universität Tübingen. Physikalisches Institut","Heisenberg, Werner (1901-1976)",,Brief
DE-611-HS-3695751,"Brief von Hans Geiger von Eberhard Karls Universität Tübingen. Physikalisches Institut an Werner Heisenberg, 01.12.1933",1933-12-01,"Geiger, Hans (1882-1945) /Eberhard Karls Universität Tübingen. Physikalisches Institut","Heisenberg, Werner (1901-1976)",,Brief
DE-611-HS-3699852,"Brief von Pascual Jordan an Werner Heisenberg, 06.06.1934",1934-06-06,"Jordan, Pascual (1902-1980)","Heisenberg, Werner (1901-1976)","Ioffe, Abram F. (1880-1960)/ Vahlen, Theodor (1869-1945)/ Lenard, Philipp (1862-1947)/ Stark, Johannes (1874-1957) [vermutlich]/ Thomsen, Gerhard (1899-1934)/ Born, Max (1882-1970)/ Bohr, Niels (1885-1962)",Brief
DE-611-HS-3700363,"Brief von Hendrik Anthony Kramers von Kamerlingh Onnes Laboratorium an Werner Heisenberg, 03.06.1935",1935-06-03,"Kramers, Hendrik Anthony (1894-1952) /Kamerlingh Onnes Laboratorium","Heisenberg, Werner (1901-1976)","Casimir, Hendrik Brugt Gerhard (1909-2000)",Brief
DE-611-HS-3700375,"Brief von Hendrik Anthony Kramers von Kamerlingh Onnes Laboratorium an Werner Heisenberg, 26.04.1935",1935-04-26,"Kramers, Hendrik Anthony (1894-1952) /Kamerlingh Onnes Laboratorium","Heisenberg, Werner (1901-1976)","Lorentz, Hendrik A. (1853-1928)/ Planck, Max (1858-1947)/ Fermi, Enrico (1901-1954)/ Klein, Oskar (1894-1977)/ Jordan, Pascual (1902-1980)/ Pauli, Wolfgang (1900-1958)/ Ehrenfest, Paul (1880-1933)/ Oppenheimer, J. Robert (1904-1967)/ Sommerfeld, Arnold (1868-1951)/ Born, Max (1882-1970)",Brief
DE-611-HS-3700441,"Brief von Hendrik Anthony Kramers von Physisch Laboratorium (Utrecht) an Werner Heisenberg, 10.09.1934",1934-09-10,"Kramers, Hendrik Anthony (1894-1952) /Physisch Laboratorium (Utrecht)","Heisenberg, Werner (1901-1976)","Ornstein, Leonard Salomon/ Sommerfeld, Arnold (1868-1951)",Brief
DE-611-HS-3700460,"Brief von Hendrik Anthony Kramers an Werner Heisenberg, 02.08.1934",1934-08-02,"Kramers, Hendrik Anthony (1894-1952)","Heisenberg, Werner (1901-1976)",,Brief
DE-611-HS-3700474,"Brief von Hendrik Anthony Kramers von Physisch Laboratorium (Utrecht) an Werner Heisenberg, 18.05.1934",1934-05-18,"Kramers, Hendrik Anthony (1894-1952) /Physisch Laboratorium (Utrecht)","Heisenberg, Werner (1901-1976)","Ornstein, Leonard Salomon/ Kronig, Ralph (1904-1995)/ Casimir, Hendrik Brugt Gerhard (1909-2000)/ Uhlenbeck, George Eugène/ Placzek, Georg",Brief
DE-611-HS-3700479,"Brief von Hendrik Anthony Kramers von Physisch Laboratorium (Utrecht) an Werner Heisenberg, 28.02.1934",1934-02-28,"Kramers, Hendrik Anthony (1894-1952) /Physisch Laboratorium (Utrecht)","Heisenberg, Werner (1901-1976)","Ornstein, Leonard Salomon/ Kronig, Ralph (1904-1995)/ Uhlenbeck, George Eugène",Brief
DE-611-HS-3700486,"Brief von Hendrik Anthony Kramers von Physisch Laboratorium (Utrecht) an Werner Heisenberg, 15.12.1933",1933-12-15,"Kramers, Hendrik Anthony (1894-1952) /Physisch Laboratorium (Utrecht)","Heisenberg, Werner (1901-1976)","Beck, Guido (1903-1988)/ Bohr, Niels (1885-1962)/ Kronig, Ralph (1904-1995)/ Gentile, Giovannino (1906-1942)/ Bloch, Felix (1905-1983)",Brief
DE-611-HS-3700539,"Brief von Rudolf Ladenburg an Werner Heisenberg, 07.08.1933",1933-08-07,"Ladenburg, Rudolf (1882-1952)","Heisenberg, Werner (1901-1976)",,Brief
DE-611-HS-3700741,"Brief von Max von Laue an Werner Heisenberg, 20.06.1933",1933-06-20,"Laue, Max von (1879-1960)","Heisenberg, Werner (1901-1976)",,Brief
DE-611-HS-3700764,"Brief von Max von Laue von Deutsche Physikalische Gesellschaft an Werner Heisenberg, 10.05.1933",1933-05-10,"Laue, Max von (1879-1960) /Deutsche Physikalische Gesellschaft (1899-1945)","Heisenberg, Werner (1901-1976)",,Brief
DE-611-HS-3700938,"Brief von Otto Oldenberg an Werner Heisenberg, 30.06.1934",1934-06-30,"Oldenberg, Otto (1888-)","Heisenberg, Werner (1901-1976)","Kemble, Edwin C. (1889-1984)",Brief
DE-611-HS-3701449,"Brief von Otto Oldenberg von Harvard University. Physics Laboratories an Werner Heisenberg, 09.05.1934",1934-05-09,"Oldenberg, Otto (1888-) /Harvard University. Physics Laboratories","Heisenberg, Werner (1901-1976)","Kemble, Edwin C. (1889-1984)/ Lyman, Theodore/ Saunders, Frederick A... (1875-1963) [vermutlich]/ Feenberg, Eugene (1906-1977)/ Bridgman, Percy W. (1882-1961)/ Bainbridge, Kenneth (1904-1996)/ Street, Jabez Curry [vermutlich]/ Conant, James Bryant (1893-1978)/ Koehler, Wilhelm (1884-1959)",Brief
DE-611-HS-3701597,"Brief von Robert Wichard Pohl an Werner Heisenberg an Georg-August-Universität Göttingen . Physikalisches Institut 1 (Göttingen), 13.06.1934",1934-06-13,"Pohl, Robert Wichard (1884-1976)","Heisenberg, Werner (1901-1976)/ Georg-August-Universität Göttingen (Göttingen). Physikalisches Institut 1","Franck, James (1882-1964)/ Stille, Ulrich (1910-1976) [vermutlich]/ Born, Max (1882-1970)/ Bothe, Walther (1891-1957)/ Sauter, Fritz (1906-1983) [vermutlich]",Brief
DE-611-HS-3701627,"Brief von Michael Polanyi an Werner Heisenberg, 19.06.1934",1934-06-19,"Polanyi, Michael (1891-1976)","Heisenberg, Werner (1901-1976)",,Brief
DE-611-HS-3701859,"Brief von Frederick A... Saunders von Harvard University. Physics Laboratories an Werner Heisenberg, 24.07.1934",1934-07-24,"Saunders, Frederick A... (1875-1963) /Harvard University. Physics Laboratories","Heisenberg, Werner (1901-1976)",,Brief
DE-611-HS-3701907,"Brief von Frederick A... Saunders von Harvard University. Physics Laboratories an Werner Heisenberg, 09.05.1934",1934-05-09,"Saunders, Frederick A... (1875-1963) /Harvard University. Physics Laboratories","Heisenberg, Werner (1901-1976)","Kemble, Edwin C. (1889-1984)/ Van Vleck, John H. (1899-1980) [vermutlich]/ Oldenberg, Otto (1888-)",Brief
DE-611-HS-3701976,"Brief von Fritz Sauter an Werner Heisenberg, 05.04.1934",1934-04-05,"Sauter, Fritz (1906-1983)","Heisenberg, Werner (1901-1976)","Fues, Erwin (1893-1970)",Brief
DE-611-HS-3702018,"Brief von Fritz Sauter von Technische Hochschule Berlin. Institut für Theoretische Physik an Werner Heisenberg, 18.04.1934",1934-04-18,"Sauter, Fritz (1906-1983)","Heisenberg, Werner (1901-1976)","Reich, Max (1874-1941)/ Valentiner, Justus Theodor (1869-1952)/ Heckmann, Otto (1901-1983)/ Kroll, Wolfgang (1906-)",Brief
DE-611-HS-3702108,"Brief von Fritz Sauter von Technische Hochschule Berlin. Institut für Theoretische Physik an Werner Heisenberg, 13.04.1934",1934-04-13,"Sauter, Fritz (1906-1983)","Heisenberg, Werner (1901-1976)","Reich, Max (1874-1941)",Brief
DE-611-HS-3702172,"Brief von Hertha Sponer an Werner Heisenberg, 25.10.1933",1933-10-25,"Sponer, Hertha (1895-1968)","Heisenberg, Werner (1901-1976)","Debye, Peter J. W. (1884-1966)/ Pohl, Robert Wichard (1884-1976)",Brief
DE-611-HS-3702346,"Brief von Yoshikatsu Sugiura an Werner Heisenberg, 01.1934",1934-01,"Sugiura, Yoshikatsu","Heisenberg, Werner (1901-1976)",,Brief
DE-611-HS-3702559,"Brief von Erwin Schrödinger an Werner Heisenberg, 24.06.1931",1931-06-24,"Schrödinger, Erwin (1887-1961)","Heisenberg, Werner (1901-1976)","Sommerfeld, Arnold (1868-1951)/ Abraham, Max (1875-1922)/ Planck, Max (1858-1947)/ Scheel, Karl (1866-1936)/ Gerlach, Walther (1889-1979)/ Meitner, Lise (1878-1968)/ Pringsheim, Peter (1881-1963)/ Ladenburg, Rudolf (1882-1952)/ Hertz, Gustav (1887-1975)",Brief
DE-611-HS-3650786,"Brief von Werner Heisenberg von Universität Leipzig . Institut für Theoretische Physik (Leipzig) an Léon Rosenfeld, 09.05.1932 [Jahreszahl laut hs. Vermerk]",1932-05-09,"Heisenberg, Werner (1901-1976) /Universität Leipzig (Leipzig). Institut für Theoretische Physik","Rosenfeld, Léon (1904-1974)",,Brief
DE-611-HS-3680931,"Brief von Peter Pringsheim an Max von Laue, 12.08.1933",1933-08-12,"Pringsheim, Peter (1881-1963)","Laue, Max von (1879-1960)",,Brief
DE-611-HS-3680941,"Brief von Max von Laue an Max Planck, 15.08.1933",1933-08-15,"Laue, Max von (1879-1960)","Planck, Max (1858-1947)",,Brief
DE-611-HS-3680942,"Brief von Max von Laue an Erwin Schrödinger, 02.08.1933",1933-08-02,"Laue, Max von (1879-1960)","Schrödinger, Erwin (1887-1961)",,Brief
DE-611-HS-3681003,"Brief von Max von Laue an Peter Pringsheim, 09.08.1933",1933-08-09,"Laue, Max von (1879-1960)","Pringsheim, Peter (1881-1963)",,Brief
DE-611-HS-3681008,"Brief von Max von Laue an Max Planck, 02.08.1933",1933-08-02,"Laue, Max von (1879-1960)","Planck, Max (1858-1947)",,Brief
DE-611-HS-3681009,"Brief von Max von Laue an Friedrich Paschen, 02.08.1933",1933-08-02,"Laue, Max von (1879-1960)","Paschen, Friedrich (1865-1947)",,Brief
DE-611-HS-3681030,"Brief von Max Planck an Max von Laue, 23.06.1933",1933-06-23,"Planck, Max (1858-1947)","Laue, Max von (1879-1960)",,Brief
DE-611-HS-3681638,"Brief von Peter Pringsheim an Max von Laue, 27.07.1933",1933-07-27,"Pringsheim, Peter (1881-1963)","Laue, Max von (1879-1960)",,Brief
DE-611-HS-3682095,"Brief von Friedrich Glum von Kaiser-Wilhelm-Gesellschaft zur Förderung der Wissenschaften an Max von Laue, 13.05.1933",1933-05-13,"Glum, Friedrich (1891-1974) /Kaiser-Wilhelm-Gesellschaft zur Förderung der Wissenschaften (1911-1948)","Laue, Max von (1879-1960)",,Brief
DE-611-HS-3682127,"Brief von Max von Laue an Kaiser-Wilhelm-Gesellschaft zur Förderung der Wissenschaften, 03.05.1933",1933-05-03,"Laue, Max von (1879-1960) [ermittelt]",Kaiser-Wilhelm-Gesellschaft zur Förderung der Wissenschaften (1911-1948),,Brief
DE-611-HS-3682129,"Brief von Friedrich Glum von Kaiser-Wilhelm-Gesellschaft zur Förderung der Wissenschaften an Max von Laue, 27.04.1933",1933-04-27,"Glum, Friedrich (1891-1974) /Kaiser-Wilhelm-Gesellschaft zur Förderung der Wissenschaften (1911-1948)","Laue, Max von (1879-1960)",,Brief
DE-611-HS-3682183,"Brief von Gustav Krupp von Bohlen und Halbach an Max von Laue, 06.07.1930",1930-07-06,"Krupp von Bohlen und Halbach, Gustav (1870-1950) [vermutlich]","Laue, Max von (1879-1960) [vermutlich]",,Brief
DE-611-HS-3682217,"Brief von Max Planck an Max von Laue, 19.05.1930",1930-05-19,"Planck, Max (1858-1947)","Laue, Max von (1879-1960) [vermutlich]",,Brief
DE-611-HS-3682488,"Brief von Max Planck von Preußische Akademie der Wissenschaften an Max von Laue, 22.02.1930",1930-02-22,"Planck, Max (1858-1947) /Preußische Akademie der Wissenschaften (1918-1946)","Laue, Max von (1879-1960) [vermutlich]",,Brief
DE-611-HS-3682491,"Brief von Otto Stern von Universität Hamburg. Institut für Physikalische Chemie an Max von Laue, 12.12.1929",1929-12-12,"Stern, Otto (1888-1969) /Universität Hamburg. Institut für Physikalische Chemie","Laue, Max von (1879-1960) [vermutlich]",,Brief
DE-611-HS-3682492,"Brief von Max Planck an Max von Laue, 15.12.1929",1929-12-15,"Planck, Max (1858-1947)","Laue, Max von (1879-1960) [vermutlich]",,Brief
DE-611-HS-3682493,"Brief von Max Planck an Max von Laue, 03.04.1929",1929-04-03,"Planck, Max (1858-1947)","Laue, Max von (1879-1960) [vermutlich]",,Brief
DE-611-HS-3682495,"Brief von Max Planck an Max von Laue, 22.04.1929",1929-04-22,"Planck, Max (1858-1947)","Laue, Max von (1879-1960) [vermutlich]",,Brief
DE-611-HS-3682496,"Brief von Otto Stern von Universität Hamburg. Institut für Physikalische Chemie an Max von Laue, 28.02.1929",1929-02-28,"Stern, Otto (1888-1969) /Universität Hamburg. Institut für Physikalische Chemie","Laue, Max von (1879-1960) [vermutlich]",,Brief
DE-611-HS-3683398,"Brief von Albert Einstein an Max von Laue, 06.05.1927",1927-05-06,"Einstein, Albert (1879-1955)","Laue, Max von (1879-1960) [vermutlich]",,Brief
DE-611-HS-3636682,"Brief von Bartel L. van der Waerden an Werner Heisenberg, 11.05.1934",1934-05-11,"Waerden, Bartel L. van der (1903-1996)","Heisenberg, Werner (1901-1976)",,Brief
DE-611-HS-3805540,"Brief von Werner Heisenberg an Rolf Wägele, 26.08.1927",1927-08-26,"Heisenberg, Werner (1901-1976)","Wägele, Rolf",,Brief
DE-611-HS-3805547,"Brief von Werner Heisenberg an Rolf Wägele, 04.05.1928",1928-05-04,"Heisenberg, Werner (1901-1976)","Wägele, Rolf",,Brief
DE-611-HS-3805554,"Brief von Werner Heisenberg an Rolf Wägele, 06.12.1928",1928-12-06,"Heisenberg, Werner (1901-1976)","Wägele, Rolf",,Brief
DE-611-HS-3805815,"Brief von Werner Heisenberg an Rolf Wägele, 18.12.1935 [Poststempel]",1935-12-18,"Heisenberg, Werner (1901-1976)","Wägele, Rolf",,Brief
DE-611-HS-3805838,"Brief von Werner Heisenberg an Rolf Wägele, 10.10.1935",1935-10-10,"Heisenberg, Werner (1901-1976)","Wägele, Rolf","Weizsäcker, Carl Friedrich von (1912-2007)",Brief
DE-611-HS-3805854,"Brief von Werner Heisenberg an Rolf Wägele, 11.05.1929",1929-05-11,"Heisenberg, Werner (1901-1976)","Wägele, Rolf",,Brief
DE-611-HS-3805860,"Brief von Werner Heisenberg an Rolf Wägele, 28.09.1933",1933-09-28,"Heisenberg, Werner (1901-1976)","Wägele, Rolf",,Brief
DE-611-HS-3805868,"Brief von Werner Heisenberg an Rolf Wägele, 29.12.1932",1932-12-29,"Heisenberg, Werner (1901-1976)","Wägele, Rolf",,Brief
DE-611-HS-3805908,"Brief von Werner Heisenberg an Rolf Wägele, 09.06.1934",1934-06-09,"Heisenberg, Werner (1901-1976)","Wägele, Rolf",,Brief
DE-611-HS-3806417,"Brief von Werner Heisenberg an Rolf Wägele, 04.05.1928",1928-05-04,"Heisenberg, Werner (1901-1976)","Wägele, Rolf",,Brief
DE-611-HS-3586786,"Brief von Louis de Broglie an Werner Heisenberg, 16.12.1931",1931-12-16,"Broglie, Louis de (1892-1987)","Heisenberg, Werner (1901-1976)",,Brief
DE-611-HS-3587309,"Brief von Peter J. W. Debye von Université de Liège. Institut de Chimie Générale an Werner Heisenberg, 10.11.1934",1934-11-10,"Debye, Peter J. W. (1884-1966) /Université de Liège. Institut de Chimie Générale","Heisenberg, Werner (1901-1976)",,Brief
DE-611-HS-3587314,"Brief von Peter J. W. Debye an Werner Heisenberg, 17.03.1935",1935-03-17,"Debye, Peter J. W. (1884-1966)","Heisenberg, Werner (1901-1976)",,Brief
DE-611-HS-3587472,"Brief von Peter J. W. Debye von Kaiser-Wilhelm-Institut für Physikalische Forschung an Werner Heisenberg an Universität Leipzig . Institut für Theoretische Physik (Leipzig), 20.05.1935",1935-05-20,"Debye, Peter J. W. (1884-1966) /Kaiser-Wilhelm-Institut für Physikalische Forschung (1917-1945)","Heisenberg, Werner (1901-1976)/ Universität Leipzig (Leipzig). Institut für Theoretische Physik",,Brief
DE-611-HS-3592301,"Brief von Arnold Eucken von Institut für Physikalische Chemie (Göttingen) an Werner Heisenberg, 14.07.1934",1934-07-14,"Eucken, Arnold (1884-1950) /Institut für Physikalische Chemie (Göttingen)","Heisenberg, Werner (1901-1976)",,Brief
DE-611-HS-3593123,"Brief von Enrico Fermi von Istituto di Fisica G. Marconi (Rom) an Werner Heisenberg, 30.01.1934",1934-01-30,"Fermi, Enrico (1901-1954) /Istituto di Fisica G. Marconi (Rom)","Heisenberg, Werner (1901-1976)",,Brief
DE-611-HS-3593127,"Brief von Enrico Fermi von Istituto di Fisica G. Marconi (Rom) an Werner Heisenberg, 08.02.1934",1934-02-08,"Fermi, Enrico (1901-1954) /Istituto di Fisica G. Marconi (Rom)","Heisenberg, Werner (1901-1976)","Joliot-Curie, Frédéric (1900-1958)",Brief
DE-611-HS-3593505,"Brief von R. H. Fowler von Cavendish Laboratory an Werner Heisenberg an Universität Leipzig . Institut für Theoretische Physik (Leipzig), 30.11.1933",1933-11-30,"Fowler, R. H. (1889-1944) /Cavendish Laboratory (1873-)","Heisenberg, Werner (1901-1976)/ Universität Leipzig (Leipzig). Institut für Theoretische Physik","Rutherford, Ernest (1871-1937)/ Weyl, Hermann (1885-1955)",Brief
DE-611-HS-3593515,"Brief von R. H. Fowler von Cavendish Laboratory an Werner Heisenberg, 17.07.1934",1934-07-17,"Fowler, R. H. (1889-1944) /Cavendish Laboratory (1873-)","Heisenberg, Werner (1901-1976)",,Brief
DE-611-HS-3593601,"Brief von George Gamow an Werner Heisenberg, 15.02.1934",1934-02-15,"Gamow, George (1904-1968)","Heisenberg, Werner (1901-1976)","Cockcroft, John (1897-1967)/ Dirac, P. A. M. (1902-1984)/ Aston, Francis William (1877-1945)/ Bainbridge, Kenneth (1904-1996)/ Joliot-Curie, Frédéric (1900-1958)/ Pauli, Wolfgang (1900-1958)",Brief
DE-611-HS-3593664,"Brief von George Gamow an Werner Heisenberg, 28.02.1934",1934-02-28,"Gamow, George (1904-1968)","Heisenberg, Werner (1901-1976)",,Brief
DE-611-HS-3595003,"Brief von Max Born, Hedwig Martha Born und Werner Heisenberg an Anna Heisenberg, 11.12.1932",1932-12-11,"Born, Max (1882-1970) /Born, Hedwig Martha (1891-1972) /Heisenberg, Werner (1901-1976)","Heisenberg, Anna (1871-1945)",,Brief
DE-611-HS-3595455,"Brief von Mariane Maar an Werner Heisenberg, 31.03.1933",1933-03-31,"Maar, Mariane","Heisenberg, Werner (1901-1976)",,Brief
DE-611-HS-3595466,"Brief von Mariane Maar an Werner Heisenberg, 24.04.1933",1933-04-24,"Maar, Mariane","Heisenberg, Werner (1901-1976)",,Brief
DE-611-HS-3595471,"Brief von Mariane Maar an Werner Heisenberg, 05.06.1933",1933-06-05,"Maar, Mariane","Heisenberg, Werner (1901-1976)",,Brief
DE-611-HS-3597622,"Brief von Rudolf Ernst Peierls von Cavendish Laboratory an Wolfgang Pauli, 17.07.1933",1933-07-17,"Peierls, Rudolf Ernst (1907-1995) /Cavendish Laboratory (1873-)","Pauli, Wolfgang (1900-1958)",,Brief
DE-611-HS-3597681,"Brief von Georg Placzek von Københavns Universitet. Institut for Teoretisk Fysik an Werner Heisenberg, 28.07.1934",1934-07-28,"Placzek, Georg /Københavns Universitet. Institut for Teoretisk Fysik (1921-1974)","Heisenberg, Werner (1901-1976)","Gamow, George (1904-1968)",Brief
DE-611-HS-3597756,"Brief von Georg Placzek an Werner Heisenberg, 15.04.1934",1934-04-15,"Placzek, Georg","Heisenberg, Werner (1901-1976)",,Brief
DE-611-HS-3597861,"Brief von Ernest Rutherford von Cavendish Laboratory an Werner Heisenberg, 26.03.1934",1934-03-26,"Rutherford, Ernest (1871-1937) /Cavendish Laboratory (1873-)","Heisenberg, Werner (1901-1976)",,Brief
DE-611-HS-3597875,"Brief von Fritz Sauter von Technische Hochschule Berlin. Institut für Theoretische Physik an Werner Heisenberg, 11.10.1933",1933-10-11,"Sauter, Fritz (1906-1983) /Technische Hochschule Berlin. Institut für Theoretische Physik","Heisenberg, Werner (1901-1976)",,Brief
DE-611-HS-3600059,"Brief von Victor Frederick Weisskopf von Eidgenössische Technische Hochschule Zürich. Physikalisches Institut an Werner Heisenberg, 01.05.1934",1934-05-01,"Weisskopf, Victor Frederick (1908-2002) /Eidgenössische Technische Hochschule Zürich. Physikalisches Institut","Heisenberg, Werner (1901-1976)","Fermi, Enrico (1901-1954)",Brief
DE-611-HS-3600077,"Brief von Victor Frederick Weisskopf von Eidgenössische Technische Hochschule Zürich. Physikalisches Institut an Werner Heisenberg, 03.05.1934",1934-05-03,"Weisskopf, Victor Frederick (1908-2002) /Eidgenössische Technische Hochschule Zürich. Physikalisches Institut","Heisenberg, Werner (1901-1976)","Dirac, P. A. M. (1902-1984)",Brief
DE-611-HS-3600086,"Brief von Victor Frederick Weisskopf an Werner Heisenberg, 16.05.1934",1934-05-16,"Weisskopf, Victor Frederick (1908-2002)","Heisenberg, Werner (1901-1976)","Dirac, P. A. M. (1902-1984)",Brief
DE-611-HS-3600123,"Brief von Victor Frederick Weisskopf und Wolfgang Pauli von Eidgenössische Technische Hochschule Zürich. Physikalisches Institut an Werner Heisenberg, 21.09.1934",1934-09-21,"Weisskopf, Victor Frederick (1908-2002) /Pauli, Wolfgang (1900-1958) /Eidgenössische Technische Hochschule Zürich. Physikalisches Institut","Heisenberg, Werner (1901-1976)","Waller, Ivar (1898-1991)",Brief
DE-611-HS-3600144,"Brief von Victor Frederick Weisskopf von Eidgenössische Technische Hochschule Zürich. Physikalisches Institut an Werner Heisenberg, 13.10.1934",1934-10-13,"Weisskopf, Victor Frederick (1908-2002) /Eidgenössische Technische Hochschule Zürich. Physikalisches Institut","Heisenberg, Werner (1901-1976)",,Brief
DE-611-HS-3600396,"Brief von Victor Frederick Weisskopf an J. Robert Oppenheimer, 09.02.1935",1935-02-09,"Weisskopf, Victor Frederick (1908-2002)","Oppenheimer, J. Robert (1904-1967)","Nedelsky, Leo (1903-2006)",Brief
DE-611-HS-3493963,"Brief von Otto Wolfgang Bechtle von Bechtle-Verlag (Esslingen) an Werner Heisenberg, 23.11.1923",1923-11-23,"Bechtle, Otto Wolfgang (1918-2012) /Bechtle-Verlag (Esslingen) (1868-)","Heisenberg, Werner (1901-1976)","Einstein, Albert (1879-1955)/ Clark, Ronald W. (1916-1987)/ Niebling, Georg",Brief
DE-611-HS-3619731,"Brief von Frank Matossi an Karl Wirtz, 14.10.1935",1935-10-14,"Matossi, Frank (1902-1968)","Wirtz, Karl (1910-1994)",,Brief
DE-611-HS-3619735,"Brief von Karl Wirtz an Frank Matossi, 15.10.1935",1935-10-15,"Wirtz, Karl (1910-1994)","Matossi, Frank (1902-1968)",,Brief
DE-611-HS-3621011,"Brief von Karl Wirtz an Markkleeberg, 01.10.1935",1935-10-01,"Wirtz, Karl (1910-1994)",Markkleeberg,,Brief
DE-611-HS-3623113,"Brief von Karl Wirtz an Verlag von Julius Springer, 13.12.1935",1935-12-13,"Wirtz, Karl (1910-1994)",Verlag von Julius Springer (1842-1941),,Brief
DE-611-HS-3623130,"Brief von Karl Wirtz an ... Matthée, 13.12.1935",1935-12-13,"Wirtz, Karl (1910-1994)","Matthée,...",,Brief
DE-611-HS-3623132,"Brief von Verlag von Julius Springer an Karl Wirtz, 12.12.1935",1935-12-12,Verlag von Julius Springer (1842-1941),"Wirtz, Karl (1910-1994)",,Brief
DE-611-HS-3623140,"Brief von Karl Wirtz an ... Matthée an Zeitschrift für den physikalisch-chemischen Unterricht (Zeitschrift), 25.11.1935",1935-11-25,"Wirtz, Karl (1910-1994)","Matthée,.../ Zeitschrift für den physikalisch-chemischen Unterricht (Zeitschrift)",,Brief
DE-611-HS-3623146,"Brief von Karl Wirtz an Clemens Schaefer, 14.12.1935",1935-12-14,"Wirtz, Karl (1910-1994)","Schaefer, Clemens (1878-1968)",,Brief
DE-611-HS-3623166,"Brief von Karl Wirtz an Clemens Schaefer, 14.12.1935",1935-12-14,"Wirtz, Karl (1910-1994)","Schaefer, Clemens (1878-1968)",,Brief
DE-611-HS-3623188,"Brief von ... Matthée von Die Naturwissenschaften (Zeitschrift) an Karl Wirtz, 17.10.1935",1935-10-17,"Matthée,... /Die Naturwissenschaften (Zeitschrift) (1913-1992)","Wirtz, Karl (1910-1994)",,Brief
DE-611-HS-3623193,"Brief von Karl Wirtz an ... Matthée an Zeitschrift für den physikalisch-chemischen Unterricht (Zeitschrift), 22.11.1935",1935-11-22,"Wirtz, Karl (1910-1994)","Matthée,.../ Zeitschrift für den physikalisch-chemischen Unterricht (Zeitschrift)",,Brief
DE-611-HS-3623219,"Brief von Edgar Fajans an Karl Wirtz, 05.07.1935",1935-07-05,"Fajans, Edgar","Wirtz, Karl (1910-1994)",,Brief
DE-611-HS-3623230,"Brief von ... Matthée von Staatliche Hauptstelle für den Naturwissenschaftlichen Unterricht (Berlin) an Karl Wirtz, 05.11.1935",1935-11-05,"Matthée,... /Staatliche Hauptstelle für den Naturwissenschaftlichen Unterricht (Berlin)","Wirtz, Karl (1910-1994)",,Brief
DE-611-HS-3623233,"Brief von Wilhelm Foerst von Zeitschrift für angewandte Chemie an Karl Wirtz an Physikalisch-Chemisches Institut (Leipzig), 06.05.1935",1935-05-06,"Foerst, Wilhelm (1898-) /Zeitschrift für angewandte Chemie","Wirtz, Karl (1910-1994)/ Physikalisch-Chemisches Institut (Leipzig)",,Brief
DE-611-HS-3623247,"Brief von Deutscher Amateur-Sende- und Empfangs-Dienst an Karl Wirtz, 15.10.1935",1935-10-15,Deutscher Amateur-Sende- und Empfangs-Dienst,"Wirtz, Karl (1910-1994)",,Brief
DE-611-HS-3623276,"Brief von Sachsen. Ministerium für Volksbildung an Physikalisch-Chemisches Institut (Leipzig), 13.06.1935",1935-06-13,Sachsen. Ministerium für Volksbildung (1923-1951),Physikalisch-Chemisches Institut (Leipzig),,Brief
DE-611-HS-3623278,"Brief von Wilhelm Foerst von Zeitschrift für angewandte Chemie an Karl Wirtz an Physikalisch-Chemisches Institut (Leipzig), 18.04.1935",1935-04-18,"Foerst, Wilhelm (1898-) /Zeitschrift für angewandte Chemie","Wirtz, Karl (1910-1994)/ Physikalisch-Chemisches Institut (Leipzig)",,Brief
DE-611-HS-3623283,"Brief von Wilhelm Foerst von Zeitschrift für angewandte Chemie an Karl F. Bonhoeffer an Physikalisch-Chemisches Institut (Leipzig), 25.02.1935",1935-02-25,"Foerst, Wilhelm (1898-) /Zeitschrift für angewandte Chemie","Bonhoeffer, Karl F. (1899-1957)/ Physikalisch-Chemisches Institut (Leipzig)",,Brief
DE-611-HS-3623290,"Brief von Karl Wirtz an Verlag Chemie (Leipzig; Berlin), 30.06.1935",1935-06-30,"Wirtz, Karl (1910-1994)",Verlag Chemie (Leipzig; Berlin),,Brief
DE-611-HS-3623292,"Brief von Karl Wirtz an Zeitschrift für angewandte Chemie, 02.03.1935",1935-03-02,"Wirtz, Karl (1910-1994)",Zeitschrift für angewandte Chemie,,Brief
DE-611-HS-3623295,"Brief von Karl Wirtz an Clemens Schaefer, 07.04.1935",1935-04-07,"Wirtz, Karl (1910-1994)","Schaefer, Clemens (1878-1968)",,Brief
DE-611-HS-3623320,"Brief von Karl Wirtz an Carl Wirtz, 06.04.1935",1935-04-06,"Wirtz, Karl (1910-1994)","Wirtz, Carl",,Brief
DE-611-HS-3623589,"Brief von Karl Wirtz an Marianus Czerny, 21.11.1934",1934-11-21,"Wirtz, Karl (1910-1994)","Czerny, Marianus (1896-1985)",,Brief
DE-611-HS-3623599,"Brief von Karl Wirtz an Frank Matossi, 04.11.1934",1934-11-04,"Wirtz, Karl (1910-1994)","Matossi, Frank (1902-1968)",,Brief
DE-611-HS-3623690,"Brief von Karl Wirtz an Unbekannt, 03.11.1934",1934-11-03,"Wirtz, Karl (1910-1994)",Unbekannt,,Brief
DE-611-HS-3623719,"Brief von Unbekannt an Karl Wirtz, 31.10.1934",1934-10-31,Unbekannt,"Wirtz, Karl (1910-1994)",,Brief
DE-611-HS-3623759,"Brief von Unbekannt an Karl Wirtz, 10.08.1934",1934-08-10,Unbekannt,"Wirtz, Karl (1910-1994)",,Brief
DE-611-HS-3623821,"Brief von Frank Matossi an Karl Wirtz, 30.12.1933",1933-12-30,"Matossi, Frank (1902-1968)","Wirtz, Karl (1910-1994)",,Brief
DE-611-HS-3624074,"Brief von Franz Schmidt + Haensch GmbH & Co. (Berlin) an Unbekannt, 13.12.1934",1934-12-13,Franz Schmidt + Haensch GmbH & Co. (Berlin),Unbekannt,,Brief
DE-611-HS-3624092,"Brief von Karl Wirtz an Unbekannt, 19.02.1935",1935-02-19,"Wirtz, Karl (1910-1994)",Unbekannt,,Brief
DE-611-HS-3624191,"Brief von Ottilie Matossi-Riechemeier an Karl Wirtz, 02.05.1934",1934-05-02,"Matossi-Riechemeier, Ottilie","Wirtz, Karl (1910-1994)",,Brief
DE-611-HS-3624213,"Brief von Ottilie Matossi-Riechemeier an Karl Wirtz, 22.04.1934",1934-04-22,"Matossi-Riechemeier, Ottilie","Wirtz, Karl (1910-1994)",,Brief
DE-611-HS-3624224,"Brief von Ludwig Bergmann an Karl Wirtz, 17.06.1934",1934-06-17,"Bergmann, Ludwig (1898-1959)","Wirtz, Karl (1910-1994)",,Brief
DE-611-HS-3624257,"Brief von Frank Matossi an Karl Wirtz, 11.06.1934",1934-06-11,"Matossi, Frank (1902-1968)","Wirtz, Karl (1910-1994)",,Brief
DE-611-HS-3624278,"Brief von Notgemeinschaft der Deutschen Wissenschaft an Karl Wirtz, 20.12.1934",1934-12-20,Notgemeinschaft der Deutschen Wissenschaft (1920-1951),"Wirtz, Karl (1910-1994)",,Brief
DE-611-HS-3624282,"Brief von Karl Wirtz an Clemens Schaefer, 05.03.1935",1935-03-05,"Wirtz, Karl (1910-1994)","Schaefer, Clemens (1878-1968) [vermutlich]","Eucken, Arnold (1884-1950)/ Wolf, Karl Lothar (1901-1969)",Brief
DE-611-HS-3624366,"Brief von Karl Wirtz an Deutsche Dozentenschaft, 05.02.1935",1935-02-05,"Wirtz, Karl (1910-1994)",Deutsche Dozentenschaft,,Brief
DE-611-HS-3624376,"Brief von Karl Wirtz von Physikalisch-Chemisches Institut (Leipzig) an Nationalsozialistisches Kraftfahr-Korps, 05.01.1935",1935-01-05,"Wirtz, Karl (1910-1994) /Physikalisch-Chemisches Institut (Leipzig)",Nationalsozialistisches Kraftfahr-Korps (1931-1945),,Brief
DE-611-HS-3624400,"Brief von Karl Wirtz an Deutsche Dozentenschaft, 20.12.1934",1934-12-20,"Wirtz, Karl (1910-1994)",Deutsche Dozentenschaft,,Brief
DE-611-HS-3624405,"Brief von Karl Wirtz an Karl F. Bonhoeffer, 19.12.1934",1934-12-19,"Wirtz, Karl (1910-1994)","Bonhoeffer, Karl F. (1899-1957)",,Brief
DE-611-HS-3624451,"Brief von Karl Wirtz an Clemens Schaefer, 19.12.1934",1934-12-19,"Wirtz, Karl (1910-1994)","Schaefer, Clemens (1878-1968) [vermutlich]",,Brief
DE-611-HS-3624464,"Brief von Karl F. Bonhoeffer an Karl Wirtz, 18.12.1934",1934-12-18,"Bonhoeffer, Karl F. (1899-1957)","Wirtz, Karl (1910-1994)",,Brief
DE-611-HS-3624472,"Brief von Karl Wirtz an Clemens Schaefer, 18.12.1934",1934-12-18,"Wirtz, Karl (1910-1994)","Schaefer, Clemens (1878-1968) [vermutlich]",,Brief
DE-611-HS-3624607,"Brief von Carl Wirtz an Karl F. Bonhoeffer, 16.12.1934",1934-12-16,"Wirtz, Carl","Bonhoeffer, Karl F. (1899-1957)",,Brief
DE-611-HS-3624614,"Brief von Carl Wirtz an Karl Wirtz, 16.12.1934",1934-12-16,"Wirtz, Carl","Wirtz, Karl (1910-1994)",,Brief
DE-611-HS-3624620,"Brief von Karl Wirtz an Karl F. Bonhoeffer, 15.12.1934",1934-12-15,"Wirtz, Karl (1910-1994)","Bonhoeffer, Karl F. (1899-1957)",,Brief
DE-611-HS-3624624,"Brief von Karl Wirtz an Karl Scheel, 15.12.1934",1934-12-15,"Wirtz, Karl (1910-1994)","Scheel, Karl (1866-1936)",,Brief
DE-611-HS-3624628,"Brief von Physikalisch-Chemisches Institut (Leipzig) an Karl Wirtz, 14.12.1934",1934-12-14,Physikalisch-Chemisches Institut (Leipzig),"Wirtz, Karl (1910-1994)",,Brief
DE-611-HS-3624633,"Brief von Carl Wirtz an Karl Wirtz, 13.12.1934",1934-12-13,"Wirtz, Carl","Wirtz, Karl (1910-1994)",,Brief
DE-611-HS-3624650,"Brief von Karl Wirtz an Notgemeinschaft der Deutschen Wissenschaft, 14.12.1934",1934-12-14,"Wirtz, Karl (1910-1994)",Notgemeinschaft der Deutschen Wissenschaft (1920-1951),,Brief
DE-611-HS-3624655,"Brief von Karl Wirtz an Notgemeinschaft der Deutschen Wissenschaft, 13.12.1934",1934-12-13,"Wirtz, Karl (1910-1994)",Notgemeinschaft der Deutschen Wissenschaft (1920-1951),,Brief
DE-611-HS-3624666,"Brief von Karl Wirtz an Notgemeinschaft der Deutschen Wissenschaft, 12.12.1934",1934-12-12,"Wirtz, Karl (1910-1994)",Notgemeinschaft der Deutschen Wissenschaft (1920-1951),,Brief
DE-611-HS-3624675,"Brief von Karl Wirtz an Karl F. Bonhoeffer, 12.12.1934",1934-12-12,"Wirtz, Karl (1910-1994)","Bonhoeffer, Karl F. (1899-1957)",,Brief
DE-611-HS-3624680,"Brief von Karl Wirtz an Notgemeinschaft der Deutschen Wissenschaft, 12.12.1934",1934-12-12,"Wirtz, Karl (1910-1994)",Notgemeinschaft der Deutschen Wissenschaft (1920-1951),,Brief
DE-611-HS-3624706,"Brief von Carl Wirtz an Karl Wirtz, 09.12.1934",1934-12-09,"Wirtz, Carl","Wirtz, Karl (1910-1994)",,Brief
DE-611-HS-3624768,"Brief von Karl Wirtz an Carl Wirtz, 08.12.1934",1934-12-08,"Wirtz, Karl (1910-1994)","Wirtz, Carl",,Brief
DE-611-HS-3624770,"Brief von Karl Wirtz an Clemens Schaefer, 08.12.1934",1934-12-08,"Wirtz, Karl (1910-1994)","Schaefer, Clemens (1878-1968) [vermutlich]",,Brief
DE-611-HS-3624773,"Brief von Karl F. Bonhoeffer von Physikalisch-Chemisches Institut (Leipzig) an Karl Wirtz, 07.12.1934",1934-12-07,"Bonhoeffer, Karl F. (1899-1957) /Physikalisch-Chemisches Institut (Leipzig)","Wirtz, Karl (1910-1994)",,Brief
DE-611-HS-3624776,"Brief von Clemens Schaefer von Physikalisches Institut Breslau an Karl Wirtz, 04.12.1934",1934-12-04,"Schaefer, Clemens (1878-1968) /Physikalisches Institut Breslau","Wirtz, Karl (1910-1994)",,Brief
DE-611-HS-3624932,"Brief von Carl Wirtz an Karl Wirtz, 03.12.1934",1934-12-03,"Wirtz, Carl","Wirtz, Karl (1910-1994)",,Brief
DE-611-HS-3624943,"Brief von Karl Wirtz an Notgemeinschaft der Deutschen Wissenschaft, 27.11.1934",1934-11-27,"Wirtz, Karl (1910-1994)",Notgemeinschaft der Deutschen Wissenschaft (1920-1951),,Brief
DE-611-HS-3624947,"Brief von Karl Wirtz an Clemens Schaefer, 29.11.1934",1934-11-29,"Wirtz, Karl (1910-1994)","Schaefer, Clemens (1878-1968) [vermutlich]",,Brief
DE-611-HS-3624963,"Brief von Karl Wirtz an Johannes Stark an Notgemeinschaft der Deutschen Wissenschaft, 27.11.1934",1934-11-27,"Wirtz, Karl (1910-1994)","Stark, Johannes (1874-1957)/ Notgemeinschaft der Deutschen Wissenschaft (1920-1951)",,Brief
DE-611-HS-3624965,"Brief von Johannes Stark von Notgemeinschaft der Deutschen Wissenschaft an Karl Wirtz, 22.11.1934",1934-11-22,"Stark, Johannes (1874-1957) /Notgemeinschaft der Deutschen Wissenschaft (1920-1951)","Wirtz, Karl (1910-1994)",,Brief
DE-611-HS-3624970,"Brief von Karl Wirtz an Franz Schmidt + Haensch GmbH & Co. (Berlin), 24.09.1934",1934-09-24,"Wirtz, Karl (1910-1994)",Franz Schmidt + Haensch GmbH & Co. (Berlin),,Brief
DE-611-HS-3624983,"Brief von Frank Matossi an Karl Wirtz, 13.12.1934",1934-12-13,"Matossi, Frank (1902-1968)","Wirtz, Karl (1910-1994)",,Brief
DE-611-HS-3625021,"Brief von Ottilie Matossi-Riechemeier an Karl Wirtz, 12.12.1934",1934-12-12,"Matossi-Riechemeier, Ottilie","Wirtz, Karl (1910-1994)",,Brief
DE-611-HS-3625050,"Brief von Carl Zeiss (Jena) an Karl Wirtz an Universität  / Univeritätslaboratorium für theoretische Physik (Halle), 08.01.1935",1935-01-08,Carl Zeiss (Jena) (1846-1945),"Wirtz, Karl (1910-1994)/ Universität (Halle) / Univeritätslaboratorium für theoretische Physik",,Brief
DE-611-HS-3625051,"Brief von Karl Wirtz an Carl Zeiss (Jena), 07.09.1934",1934-09-07,"Wirtz, Karl (1910-1994)",Carl Zeiss (Jena) (1846-1945),,Brief
DE-611-HS-3625054,"Brief von Karl Wirtz an Carl Zeiss (Jena), 10.07.1934",1934-07-10,"Wirtz, Karl (1910-1994)",Carl Zeiss (Jena) (1846-1945),,Brief
DE-611-HS-3625057,"Brief von Karl Wirtz an Carl Zeiss (Jena), 18.12.1934",1934-12-18,"Wirtz, Karl (1910-1994)",Carl Zeiss (Jena) (1846-1945),,Brief
DE-611-HS-3625061,"Brief von Carl Zeiss (Jena) an Karl Wirtz, 20.07.1934",1934-07-20,Carl Zeiss (Jena) (1846-1945),"Wirtz, Karl (1910-1994)",,Brief
DE-611-HS-3625064,"Brief von Carl Zeiss (Jena) an Karl Wirtz, 28.08.1934",1934-08-28,Carl Zeiss (Jena) (1846-1945),"Wirtz, Karl (1910-1994)",,Brief
DE-611-HS-3625067,"Brief von Carl Zeiss (Jena) an Karl Wirtz, 05.07.1934",1934-07-05,Carl Zeiss (Jena) (1846-1945),"Wirtz, Karl (1910-1994)",,Brief
DE-611-HS-3625198,"Brief von Postamt (Halle, Saale) an Karl Wirtz, 15.12.1934",1934-12-15,"Postamt (Halle, Saale)","Wirtz, Karl (1910-1994)",,Brief
DE-611-HS-3625259,"Brief von Clemens Schaefer von Physikalisches Institut Breslau an Karl Wirtz, 01.06.1934",1934-06-01,"Schaefer, Clemens (1878-1968) /Physikalisches Institut Breslau","Wirtz, Karl (1910-1994)",,Brief
DE-611-HS-3625308,"Brief von Adolf Smekal von Universität  / Univeritätslaboratorium für theoretische Physik (Halle) an Karl Wirtz, 07.08.1934",1934-08-07,"Smekal, Adolf (1895-1959) /Universität (Halle) / Univeritätslaboratorium für theoretische Physik","Wirtz, Karl (1910-1994)",,Brief
DE-611-HS-3625324,"Brief von Adolf Smekal von Universität  / Univeritätslaboratorium für theoretische Physik (Halle) an Karl Wirtz an Physikalisches Institut Breslau, 24.02.1934",1934-02-24,"Smekal, Adolf (1895-1959) /Universität (Halle) / Univeritätslaboratorium für theoretische Physik","Wirtz, Karl (1910-1994)/ Physikalisches Institut Breslau",,Brief
DE-611-HS-3625370,"Brief von Clemens Schaefer an Karl Wirtz, 10.09.1934",1934-09-10,"Schaefer, Clemens (1878-1968)","Wirtz, Karl (1910-1994)",,Brief
DE-611-HS-3625829,"Brief von Kurator Vereinigte Friedrichs-Universität Halle-Wittenberg an Karl Wirtz, 13.04.1934",1934-04-13,"Vereinigte Friedrichs-Universität Halle-Wittenberg, Kurator","Wirtz, Karl (1910-1994)",,Brief
DE-611-HS-3625889,"Brief von Clemens Schaefer an Karl Wirtz, 13.04.1935",1935-04-13,"Schaefer, Clemens (1878-1968)","Wirtz, Karl (1910-1994)",,Brief
DE-611-HS-3625904,"Brief von Justo Weiler an Clemens Schaefer, 21.12.1932",1932-12-21,"Weiler, Justo","Schaefer, Clemens (1878-1968)",,Brief
DE-611-HS-3625916,"Brief von Clemens Schaefer an Justo Weiler, 19.12.1932",1932-12-19,"Schaefer, Clemens (1878-1968)","Weiler, Justo",,Brief
DE-611-HS-3625920,"Brief von Justo Weiler an Clemens Schaefer, 12.12.1932",1932-12-12,"Weiler, Justo","Schaefer, Clemens (1878-1968)",,Brief
DE-611-HS-3626157,"Brief von Hugo Wierzejewski an Karl Wirtz, 06.09.1933",1933-09-06,"Wierzejewski, Hugo","Wirtz, Karl (1910-1994)",,Brief
DE-611-HS-3626204,"Brief von Clemens Schaefer an Karl Wirtz, 18.12.1935",1935-12-18,"Schaefer, Clemens (1878-1968)","Wirtz, Karl (1910-1994)",,Brief
DE-611-HS-3498565,"Brief von Theodor Bersin an Werner Heisenberg, 21.07.1920 [mutmaßl. 21.7.1942]",1920-07-21,"Bersin, Theodor","Heisenberg, Werner (1901-1976)",,Brief
DE-611-HS-3715598,"Brief von Arnold Berliner an Werner Heisenberg, 25.08.1935 [Jahr von anderer Hand ergänzt]",1935-08-25,"Berliner, Arnold (1862-1942)","Heisenberg, Werner (1901-1976)","Schrödinger, Erwin (1887-1961)/ Pauli, Wolfgang (1900-1958)/ Weisskopf, Victor Frederick (1908-2002)",Brief
DE-611-HS-3719765,"Brief von Wolf Friedrich von Nationalsozialistischer Deutscher Studentbund. Kreisleitung IV an Werner Heisenberg, 19.11.1933",1933-11-19,"Friedrich, Wolf (1908-1952) /Nationalsozialistischer Deutscher Studentbund. Kreisleitung IV","Heisenberg, Werner (1901-1976)","Knick, Artur (1883-1944)",Brief
DE-611-HS-3720112,"Brief von Paul Goerens an Werner Heisenberg, 25.04.1934",1934-04-25,"Goerens, Paul","Heisenberg, Werner (1901-1976)","Bakhuis Roozeboom, Hendrik Willem (1854-1907)",Brief
DE-611-HS-3720125,"Brief von Werner Heisenberg an Paul Goerens an Verein Deutscher Eisenhüttenleute, 18.04.1934",1934-04-18,"Heisenberg, Werner (1901-1976) [vermutlich]","Goerens, Paul/ Verein Deutscher Eisenhüttenleute (1881-2002)",,Brief
DE-611-HS-3723261,"Brief von Otto Petersen von Verein Deutscher Eisenhüttenleute an Werner Heisenberg, 05.06.1934",1934-06-05,"Petersen, Otto (1874-1953) /Verein Deutscher Eisenhüttenleute (1881-2002)","Heisenberg, Werner (1901-1976)",,Brief
DE-611-HS-3723265,"Brief von Otto Petersen von Verein Deutscher Eisenhüttenleute an Werner Heisenberg, 05.06.1934",1934-06-05,"Petersen, Otto (1874-1953) /Verein Deutscher Eisenhüttenleute (1881-2002)","Heisenberg, Werner (1901-1976)",,Brief
DE-611-HS-3723270,"Brief von Otto Petersen von Verein Deutscher Eisenhüttenleute an Werner Heisenberg, 05.05.1934",1934-05-05,"Petersen, Otto (1874-1953) /Verein Deutscher Eisenhüttenleute (1881-2002)","Heisenberg, Werner (1901-1976)","Goerens, Paul",Brief
DE-611-HS-3723284,"Brief von Otto Petersen von Verein Deutscher Eisenhüttenleute an Werner Heisenberg, 17.04.1934",1934-04-17,"Petersen, Otto (1874-1953) /Verein Deutscher Eisenhüttenleute (1881-2002)","Heisenberg, Werner (1901-1976)","Goerens, Paul",Brief
DE-611-HS-3723301,"Brief von Otto Petersen von Verein Deutscher Eisenhüttenleute an Werner Heisenberg, 07.02.1934",1934-02-07,"Petersen, Otto (1874-1953) /Verein Deutscher Eisenhüttenleute (1881-2002)","Heisenberg, Werner (1901-1976)","Goerens, Paul",Brief
DE-611-HS-3724861,"Brief von Ebbe Rasmussen und Unbekannt an Werner Heisenberg, 13.06.1935",1935-06-13,"Rasmussen, Ebbe (1901-1959) /Unbekannt","Heisenberg, Werner (1901-1976)","Kramers, Hendrik Anthony (1894-1952)/ Klein, Oskar (1894-1977)",Brief
DE-611-HS-3724902,"Brief von Hans Rau an Werner Heisenberg, 04.07.1934",1934-07-04,"Rau, Hans (1881-)","Heisenberg, Werner (1901-1976)",,Brief
DE-611-HS-3724964,"Brief von Max Reich von Georg-August-Universität Göttingen. Mathematisch-Naturwissenschaftliche Fakultät an Werner Heisenberg, 09.02.1934",1934-02-09,"Reich, Max (1874-1941) /Georg-August-Universität Göttingen. Mathematisch-Naturwissenschaftliche Fakultät","Heisenberg, Werner (1901-1976)",,Brief
DE-611-HS-3877703,"Brief von Yoshio Nishina, Yoshio Fujioka und Yoshikatsu Sugiura an Werner Heisenberg, 06.10.1932",1932-10-06,"Nishina, Yoshio /Fujioka, Yoshio (1903-1976) [vermutlich] /Sugiura, Yoshikatsu","Heisenberg, Werner (1901-1976) [vermutlich]","Umeda, Kwai [vermutlich]",Brief
